{
  "Disabled": false,
  "Testing": false,
  "ScheduledForDeletion": false,
  "InstalledFromUrl": null,
  "WorkingPluginId": "e3b9d1f8-47c2-4a5d-9a1f-5c7d0e3a8b21",
  "IsThirdParty": false,
  "EffectiveVersion": "7.2.0.12",
  "Author": "霧",
  "Name": "Catnip3",
  "Punchline": "愛來自貓薄荷",
  "Description": "貓貓愉快合集",
  "Changelog": "",
  "Tags": [
    "catnip"
  ],
  "CategoryTags": null,
  "IsHide": false,
  "InternalName": "Catnip3",
  "AssemblyVersion": "7.2.0.14",
  "TestingAssemblyVersion": null,
  "IsTestingExclusive": false,
  "RepoUrl": "",
  "ApplicableVersion": "any",
  "DalamudApiLevel": 12,
  "DownloadCount": 1,
  "LastUpdate": 1710602700,
  "DownloadLinkInstall": null,
  "DownloadLinkUpdate": null,
  "DownloadLinkTesting": null,
  "LoadRequiredState": 0,
  "LoadSync": false,
  "LoadPriority": 0,
  "CanUnloadAsync": false,
  "SupportsProfiles": true,
  "ImageUrls": null,
  "IconUrl": null,
  "AcceptsFeedback": true,
  "FeedbackMessage": null,
  "_Dip17Channel": null
}